Date,Holiday
2023-01-02,1
2023-01-10,1
2023-01-13,1
2023-01-20,1
2023-02-11,1
2023-02-14,1
2023-03-09,1
2023-03-31,1
2023-04-05,1
2023-04-11,1
2023-05-05,1
2023-05-07,1
2023-05-12,1
2023-05-17,1
2023-06-10,1
2023-06-15,1
2023-07-17,1
2023-07-27,1
2023-08-13,1
2023-09-10,1
2023-09-14,1
2023-09-27,1
2023-10-18,1
2023-10-25,1
2023-10-26,1
2023-11-21,1
2023-12-09,1
2024-01-04,1
2024-01-11,1
2024-01-30,1
2024-02-20,1
2024-02-24,1
2024-03-03,1
2024-03-11,1
2024-04-05,1
2024-04-14,1
2024-04-26,1
2024-05-08,1
2024-05-16,1
2024-05-19,1
2024-05-23,1
2024-06-02,1
2024-06-12,1
2024-06-27,1
2024-07-03,1
2024-08-12,1
2024-08-21,1
2024-09-29,1
2024-10-13,1
2024-10-18,1
2024-10-20,1
2024-11-14,1
2024-11-15,1
2024-12-04,1
2024-12-17,1
2024-12-29,1
